edition,year,gender,length,type,round,Rank,Lane,Country,Athlete,Age,RT,Time,Time Behind,Points
16,,w,50,freestyle,final,1,6,AUS,Bronte CAMPBELL,21,0.67,24.12, ,952
16,,w,50,freestyle,final,2,5,NED,Ranomi KROMOWIDJOJO,24,0.69,24.22,0.1,940
16,,w,50,freestyle,final,3,3,SWE,Sarah SJOESTROEM,21,0.65,24.31,0.19,930
16,,w,50,freestyle,final,4,4,AUS,Cate CAMPBELL,23,0.78,24.36,0.24,924
16,,w,50,freestyle,final,5,8,CAN,Chantal VAN LANDEGHEM,21,0.69,24.39,0.27,920
16,,w,50,freestyle,final,6,2,BAH,Arianna VANDERPOOL WALLACE,25,0.6,24.44,0.32,915
16,,w,50,freestyle,final,7,1,GBR,Fran HALSALL,25,0.68,24.51,0.39,907
16,,w,50,freestyle,final,8,7,USA,Simone MANUEL,19,0.68,24.57,0.45,900
16,,w,50,backstoke,final,1,4,CHN,Yuanhui FU,19,0.65,27.11, ,994
16,,w,50,backstoke,final,2,5,BRA,Etiene MEDEIROS,24,0.64,27.26,0.15,978
16,,w,50,backstoke,final,3,6,CHN,Xiang LIU,18,0.63,27.58,0.47,944
16,,w,50,backstoke,final,4,2,AUS,Emily SEEBOHM,23,0.6,27.66,0.55,936
16,,w,50,backstoke,final,5,3,DEN,Mie Oe NIELSEN,18,0.62,27.73,0.62,929
16,,w,50,backstoke,final,6,7,AUS,Madison WILSON,21,0.55,27.92,0.81,910
16,,w,50,backstoke,final,7,1,GBR,Lauren QUIGLEY,20,0.61,27.99,0.88,903
16,,w,50,backstoke,final,8,8,GRE,Theodora DRAKOU,23,0.58,28.17,1.06,886
16,,w,50,breaststroke,final,1,6,SWE,JennieJOHANSSON,27,0.69,30.05, ,944
16,,w,50,breaststroke,final,2,7,JAM,Alia ATKINSON,26,0.64,30.11,0.06,938
16,,w,50,breaststroke,final,3,5,RUS,Yuliya EFIMOVA,23,0.67,30.13,0.08,936
16,,w,50,breaststroke,final,4,4,LTU,Ruta MEILUTYTE,18,0.62,30.14,0.09,935
16,,w,50,breaststroke,final,5,3,USA,Jessica HARDY,28,0.66,30.2,0.15,930
16,,w,50,breaststroke,final,6,8,CHN,Ran SUO,20,0.68,30.74,0.69,882
16,,w,50,breaststroke,final,7,1,ISL,Hrafnhildur LUTHERSDOTTIR,24,0.7,31.12,1.07,850
16,,w,50,breaststroke,final,8,2,UKR,Mariia LIVER,24,0.7,31.14,1.09,848
16,,w,50,butterfly,final,1,4,SWE,Sarah SJOESTROEM,21,0.66,24.96, ,937
16,,w,50,butterfly,final,2,5,DEN,Jeanette OTTESEN,27,0.67,25.34,0.38,896
16,,w,50,butterfly,final,3,6,CHN,Ying LU,26,0.67,25.37,0.41,892
16,,w,50,butterfly,final,4,1,NED,Inge DEKKER,29,0.7,25.64,0.68,865
16,,w,50,butterfly,final,5,7,EGY,Farida OSMAN,20,0.7,25.78,0.82,850
16,,w,50,butterfly,final,6,3,GBR,Fran HALSALL,25,0.67,25.85,0.89,844
16,,w,50,butterfly,final,7,2,BAH,Arianna VANDERPOOL WALLACE,25,0.6,25.93,0.97,836
16,,w,50,butterfly,final,8,8,POL,Anna DOWGIERT,25,0.65,26.2,1.24,810
16,,m,50,freestyle,final,1,5,FRA,Florent MANAUDOU,24,0.62,21.19, ,960
16,,m,50,freestyle,final,2,4,USA,Nathan ADRIAN,26,0.67,21.52,0.33,917
16,,m,50,freestyle,final,3,3,BRA,Bruno FRATUS,26,0.69,21.55,0.36,913
16,,m,50,freestyle,final,4,8,RUS,Vladimir MOROZOV,23,0.59,21.56,0.37,912
16,,m,50,freestyle,final,5,1,UKR,Andrii GOVOROV,23,0.63,21.86,0.67,875
16,,m,50,freestyle,final,5,6,ITA,Marco ORSI,24,0.61,21.86,0.67,875
16,,m,50,freestyle,final,7,7,GRE,Kristian GKOLOMEEV,22,0.69,21.98,0.79,860
16,,m,50,freestyle,final,8,2,GBR,Benjamin PROUD,20,0.65,22.04,0.85,853
16,,m,50,backstoke,final,1,4,FRA,Camille LACOURT,30,0.68,24.23, ,976
16,,m,50,backstoke,final,2,5,USA,Matt GREVERS,30,0.7,24.61,0.38,932
16,,m,50,backstoke,final,3,3,AUS,Ben TREFFERS,23,0.53,24.69,0.46,923
16,,m,50,backstoke,final,4,6,AUS,Mitchell LARKIN,22,0.63,24.7,0.47,921
16,,m,50,backstoke,final,5,7,RUS,Vladimir MOROZOV,23,0.53,24.73,0.5,918
16,,m,50,backstoke,final,6,8,NOR,Lavrans SOLLI,23,0.6,24.84,0.61,906
16,,m,50,backstoke,final,7,2,GBR,Liam TANCOCK,30,0.6,24.88,0.65,902
16,,m,50,backstoke,final,8,1,USA,David PLUMMER,29,0.63,24.95,0.72,894
16,,m,50,breaststroke,final,1,4,GBR,Adam PEATY,20,0.57,26.51, ,1018
16,,m,50,breaststroke,final,2,5,RSA,Cameron VAN DER BURGH,27,0.65,26.66,0.15,1001
16,,m,50,breaststroke,final,3,3,USA,Kevin CORDES,21,0.73,26.86,0.35,978
16,,m,50,breaststroke,final,4,6,BRA,Felipe FRANCA SILVA,28,0.67,26.87,0.36,977
16,,m,50,breaststroke,final,5,2,SLO,Damir DUGONJIC,27,0.72,27.23,0.72,939
16,,m,50,breaststroke,final,5,8,LTU,Giedrius TITENIS,26,0.72,27.23,0.72,939
16,,m,50,breaststroke,final,7,7,NZL,Glenn SNYDERS,28,0.65,27.36,0.85,926
16,,m,50,breaststroke,final,8,1,SRB,Caba SILADI,24,0.7,27.45,0.94,917
16,,m,50,butterfly,final,1,4,FRA,Florent MANAUDOU,24,0.63,22.97, ,931
16,,m,50,butterfly,final,2,5,BRA,Nicholas SANTOS,35,0.63,23.09,0.12,916
16,,m,50,butterfly,final,3,3,HUN,Laszlo CSEH,29,0.71,23.15,0.18,909
16,,m,50,butterfly,final,3,6,POL,Konrad CZERNIAK,26,0.67,23.15,0.18,909
16,,m,50,butterfly,final,5,2,UKR,Andrii GOVOROV,23,0.62,23.18,0.21,906
16,,m,50,butterfly,final,6,8,BRA,Cesar CIELO FILHO,28,0.64,23.21,0.24,902
16,,m,50,butterfly,final,7,1,SGP,Joseph SCHOOLING,20,0.6,23.25,0.28,897
16,,m,50,butterfly,final,8,7,GBR,Benjamin PROUD,20,0.62,23.39,0.42,881
12,,w,50,freestyle,final,1,6,AUS,LibbyLENTON,22,0.73,24.53, , 
12,,w,50,freestyle,final,2,3,SWE,Therese ALSHAMMAR,29,0.8,24.62,0.09, 
12,,w,50,freestyle,final,3,4,NED,MagdalenaVELDHUIS,27,0.81,24.7,0.17, 
12,,w,50,freestyle,final,4,7,GER,BrittaSTEFFEN,23,0.72,24.79,0.26, 
12,,w,50,freestyle,final,5,5,USA,Kara LynnJOYCE,21,0.71,24.83,0.3, 
12,,w,50,freestyle,final,6,2,AUS,JodieHENRY,23,0.79,24.96,0.43, 
12,,w,50,freestyle,final,7,8,FRA,MaliaMETELLA,25,0.74,25.02,0.49, 
12,,w,50,freestyle,final,8,1,USA,Natalie COUGHLIN,24,0.7,25.31,0.78, 
12,,w,50,backstoke,final,1,4,USA,LeilaVAZIRI,21,0.66,28.16, , 
12,,w,50,backstoke,final,2,5,BLR,Aliaksandra HERASIMENIA,21,0.72,28.46,0.3, 
12,,w,50,backstoke,final,3,1,AUS,TayliahZIMMER,21,0.62,28.5,0.34, 
12,,w,50,backstoke,final,4,7,CHN,Jing ZHAO,16,0.6,28.54,0.38, 
12,,w,50,backstoke,final,5,3,JPN,ReikoNAKAMURA,24,0.66,28.64,0.48, 
12,,w,50,backstoke,final,6,8,CHN,Chang GAO,20,0.81,28.7,0.54, 
12,,w,50,backstoke,final,7,6,JPN,MaiNAKAMURA,27,0.67,28.86,0.7, 
12,,w,50,backstoke,final,8,2,GER,JaninePIETSCH,24,0.71,28.87,0.71, 
12,,w,50,breaststroke,final,1,5,USA,Jessica HARDY,20,0.68,30.63, , 
12,,w,50,breaststroke,final,2,4,AUS,LeiselJONES,21,0.79,30.7,0.07, 
12,,w,50,breaststroke,final,3,2,USA,TaraKIRK,24,0.73,31.05,0.42, 
12,,w,50,breaststroke,final,4,3,AUS,TarneeWHITE,25,0.75,31.14,0.51, 
12,,w,50,breaststroke,final,5,6,GER,JanneSCHÄFER,25,0.82,31.35,0.72, 
12,,w,50,breaststroke,final,6,7,NZL,ZoeBAKER,30,0.78,31.79,1.16, 
12,,w,50,breaststroke,final,7,8,GBR,KateHAYWOOD,20,0.88,31.82,1.19, 
12,,w,50,breaststroke,final,8,1,SWE,Rebecca EJDERVIK,19,0.72,31.86,1.23, 
12,,w,50,butterfly,final,1,4,SWE,Therese ALSHAMMAR,29,0.84,25.91, , 
12,,w,50,butterfly,final,2,6,AUS,DanniMIATKE,19,0.69,26.05,0.14, 
12,,w,50,butterfly,final,3,5,NED,Inge DEKKER,21,0.86,26.11,0.2, 
12,,w,50,butterfly,final,4,7,SWE,Anna KarinKAMMERLING,26,0.78,26.32,0.41, 
12,,w,50,butterfly,final,5,3,USA,RachelKOMISARZ,30,0.66,26.41,0.5, 
12,,w,50,butterfly,final,6,8,AUT,FabienneNADARAJAH,21,0.86,26.77,0.86, 
12,,w,50,butterfly,final,7,1,SGP,TaoLI,17,0.71,26.8,0.89, 
12,,w,50,butterfly,final,8,2,CHN,YafeiZHOU,23,0.77,27.06,1.15, 
12,,m,50,freestyle,final,1,7,USA,BenWILDMAN TOBRINER,22,0.73,21.88, , 
12,,m,50,freestyle,final,2,5,USA,Cullen JONES,23,0.71,21.94,0.06, 
12,,m,50,freestyle,final,3,4,SWE,StefanNYSTRAND,25,0.72,21.97,0.09, 
12,,m,50,freestyle,final,4,6,POL,BartoszKIZIEROWSKI,30,0.71,22,0.12, 
12,,m,50,freestyle,final,5,2,AUS,Eamon SULLIVAN,21,0.65,22.05,0.17, 
12,,m,50,freestyle,final,6,3,BRA,Cesar CIELO FILHO,20,0.7,22.12,0.24, 
12,,m,50,freestyle,final,7,1,RSA,Roland SCHOEMAN,26,0.65,22.16,0.28, 
12,,m,50,freestyle,final,8,8,CAN,Brent HAYDEN,23,0.74,22.28,0.4, 
12,,m,50,backstoke,final,1,3,RSA,Johannes ZANDBERG,23,0.74,24.98, , 
12,,m,50,backstoke,final,2,6,GER,ThomasRUPPRATH,30,0.6,25.2,0.22, 
12,,m,50,backstoke,final,3,4,GBR,Liam TANCOCK,21,0.61,25.23,0.25, 
12,,m,50,backstoke,final,4,5,GER,SteffenDRIESEN,25,0.75,25.29,0.31, 
12,,m,50,backstoke,final,5,2,GBR,MatthewCLAY,24,0.65,25.32,0.34, 
12,,m,50,backstoke,final,6,1,GRE,AristeidisGRIGORIADIS,21,0.68,25.52,0.54, 
12,,m,50,backstoke,final,7,7,JPN,Junya KOGA,19,0.54,25.56,0.58, 
12,,m,50,backstoke,final,8,8,AUS,MattWELSH,30,0.8,25.61,0.63, 
12,,m,50,breaststroke,final,1,5,UKR,OlegLISOGOR,28,0.8,27.66, , 
12,,m,50,breaststroke,final,2,4,USA,Brendan HANSEN,25,0.72,27.69,0.03, 
12,,m,50,breaststroke,final,3,1,RSA,Cameron VAN DER BURGH,18,0.68,27.88,0.22, 
12,,m,50,breaststroke,final,4,3,ITA,AlessandroTERRIN,21,0.76,28.09,0.43, 
12,,m,50,breaststroke,final,5,6,JPN,Kosuke KITAJIMA,24,0.7,28.1,0.44, 
12,,m,50,breaststroke,final,6,8,ISR,MichaelMALUL,21,0.6,28.19,0.53, 
12,,m,50,breaststroke,final,7,7,AUS,BrentonRICKARD,23,0.83,28.24,0.58, 
12,,m,50,breaststroke,final,8,2,UKR,Valerii DYMO,21,0.77,28.27,0.61, 
12,,m,50,butterfly,final,1,4,RSA,Roland SCHOEMAN,26,0.65,23.18, , 
12,,m,50,butterfly,final,2,5,USA,IanCROCKER,24,0.73,23.47,0.29, 
12,,m,50,butterfly,final,3,8,DEN,JakobANDKJAER,21,0.63,23.56,0.38, 
12,,m,50,butterfly,final,4,6,VEN,Albert SUBIRATS,20,0.73,23.57,0.39, 
12,,m,50,butterfly,final,5,3,UKR,SergiiBREUS,24,0.76,23.61,0.43, 
12,,m,50,butterfly,final,6,1,SRB,MiloradCAVIC,22,0.75,23.7,0.52, 
12,,m,50,butterfly,final,7,2,SWE,LarsFROLANDER,32,0.7,23.86,0.68, 
12,,m,50,butterfly,final,8,7,SLO,PeterMANKOC,28,0.73,24.14,0.96, 
15,,w,50,freestyle,final,1,5,NED,Ranomi KROMOWIDJOJO,22,0.69,24.05, ,960
15,,w,50,freestyle,final,2,4,AUS,Cate CAMPBELL,21,0.75,24.14,0.09,949
15,,w,50,freestyle,final,3,6,GBR,Fran HALSALL,23,0.68,24.3,0.25,931
15,,w,50,freestyle,final,4,7,SWE,Sarah SJOESTROEM,19,0.67,24.45,0.4,914
15,,w,50,freestyle,final,5,2,AUS,Bronte CAMPBELL,19,0.72,24.66,0.61,891
15,,w,50,freestyle,final,5,3,DEN,Jeanette OTTESEN,25,0.7,24.66,0.61,891
15,,w,50,freestyle,final,7,8,USA,Simone MANUEL,17,0.69,24.8,0.75,876
15,,w,50,freestyle,final,8,1,GER,Dorothea BRANDT,29,0.68,24.81,0.76,875
15,,w,50,backstoke,final,1,6,CHN,Jing ZHAO,22,0.55,27.29, ,974
15,,w,50,backstoke,final,2,4,CHN,Yuanhui FU,17,0.6,27.39,0.1,964
15,,w,50,backstoke,final,3,5,JPN,Aya TERAKAWA,28,0.57,27.53,0.24,949
15,,w,50,backstoke,final,4,2,BRA,Etiene MEDEIROS,22,0.57,27.83,0.54,919
15,,w,50,backstoke,final,5,3,ESP,Maria Mercedes PERIS MINGUET,28,0.63,27.93,0.64,909
15,,w,50,backstoke,final,6,8,GBR,Georgia DAVIES,22,0.62,27.96,0.67,906
15,,w,50,backstoke,final,7,7,USA,Rachel BOOTSMA,19,0.54,28.05,0.76,897
15,,w,50,backstoke,final,8,1,GBR,Lauren QUIGLEY,18,0.68,28.33,1.04,871
15,,w,50,breaststroke,final,1,5,RUS,Yuliya EFIMOVA,21,0.69,29.52, ,1028
15,,w,50,breaststroke,final,2,4,LTU,Ruta MEILUTYTE,16,0.59,29.59,0.07,1021
15,,w,50,breaststroke,final,3,3,USA,Jessica HARDY,26,0.68,29.8,0.28,1000
15,,w,50,breaststroke,final,4,6,USA,Breeja LARSON,21,0.74,29.95,0.43,985
15,,w,50,breaststroke,final,5,8,SWE,JennieJOHANSSON,25,0.73,30.23,0.71,957
15,,w,50,breaststroke,final,6,7,DEN,Rikke PEDERSEN,24,0.7,30.72,1.2,912
15,,w,50,breaststroke,final,7,1,NED,Moniek NIJHUIS,25,0.76,31.31,1.79,862
15,,w,50,breaststroke,final,8,2,CZE,Petra WEBER,26,0.67, , , 
15,,w,50,butterfly,final,1,4,DEN,Jeanette OTTESEN,25,0.69,25.24, ,979
15,,w,50,butterfly,final,2,8,CHN,Ying LU,24,0.69,25.42,0.18,959
15,,w,50,butterfly,final,3,5,NED,Ranomi KROMOWIDJOJO,22,0.69,25.53,0.29,946
15,,w,50,butterfly,final,4,3,GBR,Fran HALSALL,23,0.72,25.7,0.46,928
15,,w,50,butterfly,final,5,7,NED,Inge DEKKER,27,0.71,25.83,0.59,914
15,,w,50,butterfly,final,6,6,FRA,Melanie HENIQUE,20,0.62,25.96,0.72,900
15,,w,50,butterfly,final,7,1,EGY,Farida OSMAN,18,0.69,26.17,0.93,879
15,,w,50,butterfly,final,8,2,USA,Dana VOLLMER,25,0.74,26.46,1.22,850
15,,m,50,freestyle,final,1,6,BRA,Cesar CIELO FILHO,26,0.63,21.32, ,943
15,,m,50,freestyle,final,2,7,RUS,Vladimir MOROZOV,21,0.59,21.47,0.15,923
15,,m,50,freestyle,final,3,8,TTO,George BOVELL,30,0.71,21.51,0.19,918
15,,m,50,freestyle,final,4,3,USA,Nathan ADRIAN,24,0.66,21.6,0.28,907
15,,m,50,freestyle,final,5,4,FRA,Florent MANAUDOU,22,0.6,21.64,0.32,902
15,,m,50,freestyle,final,6,5,USA,Anthony ERVIN,32,0.65,21.65,0.33,900
15,,m,50,freestyle,final,7,1,RSA,Roland SCHOEMAN,33,0.59,21.85,0.53,876
15,,m,50,freestyle,final,8,2,FRA,Frederick BOUSQUET,32,0.64,21.93,0.61,866
15,,m,50,backstroke,final,1,4,FRA,CamilleLACOURT,28,0.68,24.42, ,954
15,,m,50,backstroke,final,2,6,USA,MattGREVERS,28,0.64,24.54,0.12,940
15,,m,50,backstroke,final,2,5,FRA,JeremySTRAVIUS,25,0.62,24.54,0.12,940
15,,m,50,backstroke,final,4,7,ESP,AschwinWILDEBOER FABER,27,0.57,24.58,0.16,935
15,,m,50,backstroke,final,5,8,CHN,XiaoleiSUN,27,0.5,24.76,0.34,915
15,,m,50,backstroke,final,6,2,BRA,DanielORZECHOWSKI,28,0.54,24.87,0.45,903
15,,m,50,backstroke,final,7,3,ISR,GuyBARNEA,25,0.57,25.14,0.72,874
15,,m,50,backstroke,final,8,1,ISR,JonatanKOPELEV,21,0.55,25.19,0.77,869
15,,m,50,breaststroke,final,1,4,RSA,Cameron VAN DER BURGH,25,0.62,26.77, ,988
15,,m,50,breaststroke,final,2,6,AUS,Christian SPRENGER,27,0.66,26.78,0.01,987
15,,m,50,breaststroke,final,3,8,RSA,Giulio ZORZI,24,0.64,27.04,0.27,959
15,,m,50,breaststroke,final,4,5,SLO,Damir DUGONJIC,25,0.7,27.05,0.28,958
15,,m,50,breaststroke,final,5,3,BRA,Joao GOMES JUNIOR,27,0.67,27.2,0.43,942
15,,m,50,breaststroke,final,6,7,NZL,Glenn SNYDERS,26,0.67,27.21,0.44,941
15,,m,50,breaststroke,final,7,2,SWE,Johannes SKAGIUS,18,0.69,27.48,0.71,914
15,,m,50,breaststroke,final,8,1,ITA,Mattia PESCE,23,0.65,27.53,0.76,909
15,,m,50,butterfly,final,1,5,BRA,Cesar CIELO FILHO,26,0.63,23.01, ,926
15,,m,50,butterfly,final,2,8,USA,Eugene GODSOE,25,0.66,23.05,0.04,921
15,,m,50,butterfly,final,3,6,FRA,Frederick BOUSQUET,32,0.67,23.11,0.1,914
15,,m,50,butterfly,final,4,4,BRA,Nicholas SANTOS,33,0.64,23.21,0.2,902
15,,m,50,butterfly,final,5,2,UKR,Andrii GOVOROV,21,0.67,23.22,0.21,901
15,,m,50,butterfly,final,6,7,GER,Steffen DEIBLER,26,0.66,23.28,0.27,894
15,,m,50,butterfly,final,6,3,BLR,Yauhen TSURKIN,22,0.64,23.28,0.27,894
15,,m,50,butterfly,final,8,1,FRA,Florent MANAUDOU,22,0.61,23.35,0.34,886
17,,w,50,freestyle,final,1,4,SWE,Sarah SJOESTROEM,23,0.64,23.69, ,1005
17,,w,50,freestyle,final,2,6,NED,Ranomi KROMOWIDJOJO,26,0.69,23.85,0.16,984
17,,w,50,freestyle,final,3,3,USA,Simone MANUEL,20,0.67,23.97,0.28,970
17,,w,50,freestyle,final,4,5,DEN,Pernille BLUME,23,0.63,24,0.31,966
17,,w,50,freestyle,final,5,8,BLR,Aliaksandra HERASIMENIA,31,0.69,24.46,0.77,913
17,,w,50,freestyle,final,6,1,CHN,Xiang LIU,20,0.72,24.58,0.89,899
17,,w,50,freestyle,final,6,7,FRA,Anna SANTAMANS,24,0.61,24.58,0.89,899
17,,w,50,freestyle,final,6,2,AUS,Bronte CAMPBELL,23,0.68,24.58,0.89,899
17,,w,50,backstroke,final,1,4,BRA,Etiene MEDEIROS,26,0.59,27.14, ,991
17,,w,50,backstroke,final,2,5,CHN,Yuanhui FU,21,0.57,27.15,0.01,990
17,,w,50,backstroke,final,3,1,BLR,Aliaksandra HERASIMENIA,31,0.58,27.23,0.09,981
17,,w,50,backstroke,final,4,2,AUS,Emily SEEBOHM,25,0.65,27.37,0.23,966
17,,w,50,backstroke,final,5,3,USA,Kathleen BAKER,20,0.59,27.5,0.36,952
17,,w,50,backstroke,final,6,8,CHN,Xueer WANG,19,0.59,27.55,0.41,947
17,,w,50,backstroke,final,7,7,AUS,Holly BARRATT,29,0.53,27.6,0.46,942
17,,w,50,backstroke,final,8,6,GBR,Georgia DAVIES,26,0.6,27.61,0.47,941
17,,w,50,breaststroke,final,1,4,USA,Lilly KING,20,0.67,29.4, ,1008
17,,w,50,breaststroke,final,2,5,RUS,Yuliya EFIMOVA,25,0.69,29.57,0.17,990
17,,w,50,breaststroke,final,3,3,USA,Katie MEILI,26,0.63,29.99,0.59,949
17,,w,50,breaststroke,final,4,6,LTU,Ruta MEILUTYTE,20,0.57,30.2,0.8,930
17,,w,50,breaststroke,final,5,2,SWE,JennieJOHANSSON,29,0.68,30.31,0.91,920
17,,w,50,breaststroke,final,6,7,GBR,Sarah VASEY,20,0.68,30.62,1.22,892
17,,w,50,breaststroke,final,7,1,ITA,Arianna CASTIGLIONI,19,0.63,30.74,1.34,882
17,,w,50,breaststroke,final,8,8,CAN,Rachel NICOL,24,0.67,30.8,1.4,876
17,,w,50,butterfly,final,1,4,SWE,Sarah SJOESTROEM,23,0.67,24.6, ,979
17,,w,50,butterfly,final,2,2,NED,Ranomi KROMOWIDJOJO,26,0.68,25.38,0.78,891
17,,w,50,butterfly,final,3,8,EGY,Farida OSMAN,22,0.72,25.39,0.79,890
17,,w,50,butterfly,final,4,5,USA,Kelsi DAHLIA,23,0.61,25.48,0.88,881
17,,w,50,butterfly,final,5,6,CAN,Penny OLEKSIAK,17,0.7,25.62,1.02,867
17,,w,50,butterfly,final,6,3,FRA,Melanie HENIQUE,24,0.61,25.76,1.16,852
17,,w,50,butterfly,final,7,1,BEL,Kimberly BUYS,28,0.72,25.78,1.18,850
17,,w,50,butterfly,final,8,7,GER,Aliena SCHMIDTKE,24,0.68,26.08,1.48,821
17,,m,50,freestyle,final,1,4,USA,Caeleb DRESSEL,20,0.62,21.15, ,966
17,,m,50,freestyle,final,2,6,BRA,Bruno FRATUS,28,0.67,21.27,0.12,950
17,,m,50,freestyle,final,3,3,GBR,Benjamin PROUD,22,0.64,21.43,0.28,928
17,,m,50,freestyle,final,4,5,RUS,Vladimir MOROZOV,25,0.6,21.46,0.31,925
17,,m,50,freestyle,final,5,1,POL,Pawel JURASZEK,22,0.61,21.47,0.32,923
17,,m,50,freestyle,final,6,7,FIN,Ari Pekka LIUKKONEN,28,0.66,21.67,0.52,898
17,,m,50,freestyle,final,7,2,GRE,Kristian GKOLOMEEV,24,0.67,21.73,0.58,891
17,,m,50,freestyle,final,8,8,BRA,Cesar CIELO FILHO,30,0.65,21.83,0.68,878
17,,m,50,backstroke,final,1,4,FRA,Camille LACOURT,32,0.73,24.35, ,962
17,,m,50,backstroke,final,2,5,JPN,Junya KOGA,30,0.55,24.51,0.16,943
17,,m,50,backstroke,final,3,3,USA,Matt GREVERS,32,0.61,24.56,0.21,937
17,,m,50,backstroke,final,4,1,FRA,Jeremy STRAVIUS,29,0.63,24.61,0.26,932
17,,m,50,backstroke,final,5,6,CHN,Jiayu XU,21,0.51,24.74,0.39,917
17,,m,50,backstroke,final,6,2,USA,Justin RESS,19,0.63,24.77,0.42,914
17,,m,50,backstroke,final,7,7,BLR,Pavel SANKOVICH,27,0.6,24.83,0.48,907
17,,m,50,backstroke,final,8,8,ISR,Jonatan KOPELEV,25,0.61,24.85,0.5,905
17,,m,50,breaststroke,final,1,4,GBR,Adam PEATY,22,0.63,25.99, ,1050
17,,m,50,breaststroke,final,2,7,BRA,Joao GOMES JUNIOR,31,0.64,26.52,0.53,988
17,,m,50,breaststroke,final,3,3,RSA,Cameron VAN DER BURGH,29,0.61,26.6,0.61,979
17,,m,50,breaststroke,final,4,5,BRA,Felipe LIMA,32,0.71,26.78,0.79,960
17,,m,50,breaststroke,final,5,2,USA,Kevin CORDES,23,0.69,26.8,0.81,958
17,,m,50,breaststroke,final,6,8,ITA,Fabio SCOZZOLI,28,0.62,26.91,0.92,946
17,,m,50,breaststroke,final,7,6,RUS,Kirill PRIGODA,21,0.62,27.01,1.02,935
17,,m,50,breaststroke,final,8,1,BLR,Ilya SHYMANOVICH,22,0.7,27.27,1.28,909
17,,m,50,butterfly,final,1,6,GBR,Benjamin PROUD,22,0.63,22.75, ,958
17,,m,50,butterfly,final,2,3,BRA,Nicholas SANTOS,37,0.62,22.79,0.04,953
17,,m,50,butterfly,final,3,5,UKR,Andrii GOVOROV,25,0.62,22.84,0.09,947
17,,m,50,butterfly,final,4,4,USA,Caeleb DRESSEL,20,0.64,22.89,0.14,940
17,,m,50,butterfly,final,5,2,SGP,Joseph SCHOOLING,22,0.63,22.95,0.2,933
17,,m,50,butterfly,final,6,7,BRA,Henrique MARTINS,25,0.59,23.14,0.39,910
17,,m,50,butterfly,final,7,8,UKR,Andrii KHLOPTSOV,18,0.66,23.31,0.56,890
17,,m,50,butterfly,final,8,1,USA,Tim PHILLIPS,26,0.66,23.38,0.63,882
13,9,m,50,backstroke,final,1,4,GBR,TANCOCK Liam,,0.6,24.04,0,
13,9,m,50,backstroke,final,2,5,JPN,KOGA Junya,,0.5,24.24,0.2,
13,9,m,50,backstroke,final,3,7,RSA,ZANDBERG Gerhard,,0.62,24.34,0.3,
13,9,m,50,backstroke,final,4,6,ESP,WILDEBOER Aschwin,,0.61,24.57,0.53,
13,9,m,50,backstroke,final,5,3,FRA,LACOURT Camille,,0.76,24.61,0.57,
13,9,m,50,backstroke,final,6,2,GER,MEEUW Helge,,0.6,24.63,0.59,
13,9,m,50,backstroke,final,7,8,GRE,GRIGORIADIS Aristeidis,,0.69,24.87,0.83,
13,9,m,50,backstroke,final,8,1,ITA,DITORA Mirco,,0.62,25.15,1.11,
13,9,m,50,freestyle,final,1,6,BRA,CIELO FILHO Cesar,,0.68,21.08,0,
13,9,m,50,freestyle,final,2,4,FRA,BOUSQUET Frederick,,0.7,21.21,0.13,
13,9,m,50,freestyle,final,3,3,FRA,LEVEAUX Amaury,,0.75,21.25,0.17,
13,9,m,50,freestyle,final,4,5,CRO,DRAGANJA Duje,,0.69,21.38,0.3,
13,9,m,50,freestyle,final,5,2,USA,JONES Cullen,,0.71,21.47,0.39,
13,9,m,50,freestyle,final,6,1,USA,ADRIAN Nathan,,0.7,21.49,0.41,
13,9,m,50,freestyle,final,7,8,TRI,BOVELL III George,,0.71,21.51,0.43,
13,9,m,50,freestyle,final,8,7,SWE,NYSTRAND Stefan,,0.69,21.53,0.45,
13,9,m,50,butterfly,final,1,5,SRB,CAVIC Milorad,,0.7,22.67,0,
13,9,m,50,butterfly,final,2,2,AUS,TARGETT Matthew,,0.69,22.73,0.06,
13,9,m,50,butterfly,final,3,4,ESP,MUNOZ Rafael,,0.7,22.88,0.21,
13,9,m,50,butterfly,final,4,8,DEN,ANDKJAER Jakob Schiott,,0.66,22.93,0.26,
13,9,m,50,butterfly,final,5,3,BRA,SANTOS Nicholas,,0.79,23,0.33,
13,9,m,50,butterfly,final,6,1,KEN,DUNFORD Jason,,0.71,23.04,0.37,
13,9,m,50,butterfly,final,7,7,VEN,SUBIRATS Albert,,0.66,23.07,0.4,
13,9,m,50,butterfly,final,8,6,CRO,DRAGANJA Duje,,0.7,23.1,0.43,
13,9,m,50,breaststroke,final,1,4,RSA,VAN DER BURGH Cameron,,0.66,26.67,0,
13,9,m,50,breaststroke,final,2,3,BRA,SILVA Felipe Franca,,0.71,26.76,0.09,
13,9,m,50,breaststroke,final,3,8,USA,GANGLOFF Mark,,0.69,26.86,0.19,
13,9,m,50,breaststroke,final,4,5,GER,FELDWEHR Hendrik,,0.69,26.95,0.28,
13,9,m,50,breaststroke,final,5,6,AUS,RICKARD Brenton,,0.74,26.95,0.28,
13,9,m,50,breaststroke,final,6,7,SLO,MARKIC Matjaz,,0.73,27.1,0.43,
13,9,m,50,breaststroke,final,7,1,SLO,TAHIROVIC Emil,,0.69,27.31,0.64,
13,9,m,50,breaststroke,final,8,2,BRA,GOMES JR Joao,,0.78,27.31,0.64,
13,9,w,50,breaststroke,final,1,3,RUS,EFIMOVA Yuliya,,0.73,30.09,0,
13,9,w,50,breaststroke,final,2,7,USA,SONI Rebecca,,0.73,30.11,0.02,
13,9,w,50,breaststroke,final,3,4,AUS,KATSOULIS Sarah,,0.77,30.16,0.07,
13,9,w,50,breaststroke,final,4,5,NED,NIJHUIS Moniek,,0.77,30.46,0.37,
13,9,w,50,breaststroke,final,5,8,CAN,PIERSE Annamay,,0.75,30.53,0.44,
13,9,w,50,breaststroke,final,6,2,USA,CARLSON Kasey,,0.77,30.65,0.56,
13,9,w,50,breaststroke,final,7,6,CAN,REASON Amanda,,0.62,30.67,0.58,
13,9,w,50,breaststroke,final,8,1,AUS,WHITE Tarnee,,0.76,30.91,0.82,
13,9,w,50,freestyle,final,1,3,GER,STEFFEN Britta,,0.77,23.73,0,
13,9,w,50,freestyle,final,2,2,SWE,ALSHAMMAR Therese,,0.72,23.88,0.15,
13,9,w,50,freestyle,final,3,4,AUS,CAMPBELL Cate,,0.78,23.99,0.26,
13,9,w,50,freestyle,final,4,5,NED,VELDHUIS Magdalena,,0.74,23.99,0.26,
13,9,w,50,freestyle,final,5,1,GBR,HALSALL Fran,,0.72,24.11,0.38,
13,9,w,50,freestyle,final,6,7,AUS,TRICKETT Lisbeth,,0.73,24.19,0.46,
13,9,w,50,freestyle,final,7,6,USA,WEIR Amanda,,0.68,24.23,0.5,
13,9,w,50,freestyle,final,8,8,USA,TORRES Dara,,0.75,24.48,0.75,
13,9,w,50,butterfly,final,1,6,AUS,GUEHRER Marieke,,0.74,25.48,0,
13,9,w,50,butterfly,final,2,2,CHN,ZHOU Yafei,,0.78,25.57,0.09,
13,9,w,50,butterfly,final,3,3,NOR,SNILDAL Ingvild,,0.75,25.58,0.1,
13,9,w,50,butterfly,final,4,4,SWE,ALSHAMMAR Therese,,0.74,25.59,0.11,
13,9,w,50,butterfly,final,5,5,NED,VELDHUIS Magdalena,,0.77,25.63,0.15,
13,9,w,50,butterfly,final,6,7,SWE,SJOSTROM Sarah,,0.79,25.66,0.18,
13,9,w,50,butterfly,final,7,8,FRA,BUI DUYET Diane,,0.67,25.92,0.44,
13,9,w,50,butterfly,final,8,1,BRA,DE PAULA Daynara,,0.69,26.12,0.64,
13,9,w,50,backstroke,final,1,2,CHN,ZHAO Jing,,0.51,27.06,0,
13,9,w,50,backstroke,final,2,5,GER,SAMULSKI Daniela,,0.6,27.23,0.17,
13,9,w,50,backstroke,final,3,7,CHN,GAO Chang,,0.63,27.28,0.22,
13,9,w,50,backstroke,final,4,4,RUS,ZUEVA Anastasia,,0.75,27.31,0.25,
13,9,w,50,backstroke,final,5,6,BLR,GERASIMENYA Aleksandra,,0.67,27.62,0.56,
13,9,w,50,backstroke,final,6,3,AUS,EDINGTON Sophie,,0.7,27.73,0.67,
13,9,w,50,backstroke,final,7,1,AUS,SEEBOHM Emily,,0.59,27.83,0.77,
13,9,w,50,backstroke,final,8,8,BRA,MOLINA Fabiola,,0.61,27.88,0.82,
14,11,m,50,backstroke,final,1,4,GBR,TANCOCK Liam,,0.57,24.5,0,
14,11,m,50,backstroke,final,2,5,FRA,LACOURT Camille,,0.69,24.57,0.07,
14,11,m,50,backstroke,final,3,3,RSA,ZANDBERG Gerhard,,0.57,24.66,0.16,
14,11,m,50,backstroke,final,4,6,ESP,WILDEBOER FABER Aschwin,,0.58,24.82,0.32,
14,11,m,50,backstroke,final,5,7,USA,PLUMMER David,,0.71,24.92,0.42,
14,11,m,50,backstroke,final,6,2,USA,THOMAN Nicholas,,0.63,25.01,0.51,
14,11,m,50,backstroke,final,7,8,ISR,BARNEA Guy,,0.57,25.01,0.51,
14,11,m,50,backstroke,final,8,1,SUI,LANG Flori,,0.57,25.15,0.65,
14,11,m,50,breaststroke,final,1,5,BRA,FRANCA DA SILVA Felipe Alves,,0.68,27.01,0,
14,11,m,50,breaststroke,final,2,6,ITA,SCOZZOLI Fabio,,0.62,27.17,0.16,
14,11,m,50,breaststroke,final,3,4,RSA,VAN DER BURGH Cameron,,0.62,27.19,0.18,
14,11,m,50,breaststroke,final,4,1,GER,FELDWEHR Hendrik,,0.7,27.41,0.4,
14,11,m,50,breaststroke,final,5,3,NOR,DALE OEN Alexander,,0.71,27.43,0.42,
14,11,m,50,breaststroke,final,6,8,USA,GANGLOFF Mark,,0.67,27.58,0.57,
14,11,m,50,breaststroke,final,7,7,NED,STEKELENBURG Lennart,,0.66,27.65,0.64,
14,11,m,50,breaststroke,final,8,2,SLO,DUGONJIC Damir,,0.72,28,0.99,
14,11,m,50,butterfly,final,1,4,BRA,CIELO FILHO Cesar,,0.66,23.1,0,
14,11,m,50,butterfly,final,2,1,AUS,TARGETT Matthew,,0.67,23.28,0.18,
14,11,m,50,butterfly,final,3,5,AUS,HUEGILL Geoff,,0.66,23.35,0.25,
14,11,m,50,butterfly,final,4,8,FRA,BOUSQUET Frederick,,0.71,23.38,0.28,
14,11,m,50,butterfly,final,5,3,FRA,MANAUDOU Florent,,0.63,23.49,0.39,
14,11,m,50,butterfly,final,6,2,GER,DEIBLER Steffen,,0.66,23.55,0.45,
14,11,m,50,butterfly,final,7,6,KEN,DUNFORD Jason,,0.68,23.6,0.5,
14,11,m,50,butterfly,final,8,7,UKR,GOVOROV Andriy,,0.66,23.64,0.54,
14,11,m,50,freestyle,final,1,5,BRA,CIELO FILHO Cesar,,0.63,21.52,0,
14,11,m,50,freestyle,final,2,6,ITA,DOTTO Luca,,0.63,21.9,0.38,
14,11,m,50,freestyle,final,3,8,FRA,BERNARD Alain,,0.65,21.92,0.4,
14,11,m,50,freestyle,final,4,3,USA,ADRIAN Nathan,,0.64,21.93,0.41,
14,11,m,50,freestyle,final,5,4,BRA,FRATUS Bruno,,0.67,21.96,0.44,
14,11,m,50,freestyle,final,6,2,HUN,TAKACS Krisztian,,0.65,21.99,0.47,
14,11,m,50,freestyle,final,7,1,TRI,BOVELL George,,0.69,22.04,0.52,
14,11,m,50,freestyle,final,8,7,RSA,LOUW Gideon,,0.71,22.11,0.59,
14,11,w,50,freestyle,final,1,3,SWE,ALSHAMMAR Therese,,0.65,24.14,0,
14,11,w,50,freestyle,final,2,4,NED,KROMOWIDJOJO Ranomi,,0.7,24.27,0.13,
14,11,w,50,freestyle,final,3,7,NED,VELDHUIS Marleen,,0.7,24.49,0.35,
14,11,w,50,freestyle,final,4,2,GBR,HALSALL Francesca,,0.7,24.6,0.46,
14,11,w,50,freestyle,final,5,6,BLR,HERASIMENIA Aliaksandra,,0.68,24.65,0.51,
14,11,w,50,freestyle,final,6,5,DEN,OTTESEN Jeanette,,0.64,24.67,0.53,
14,11,w,50,freestyle,final,7,8,BAH,VANDERPOOLWALLACE Arianna,,0.66,24.79,0.65,
14,11,w,50,freestyle,final,8,1,USA,HARDY Jessica,,0.71,24.87,0.73,
14,11,w,50,butterfly,final,1,5,NED,DEKKER Inge,,0.7,25.71,0,
14,11,w,50,butterfly,final,2,4,SWE,ALSHAMMAR Therese,,0.67,25.76,0.05,
14,11,w,50,butterfly,final,3,1,FRA,HENIQUE Melanie,,0.61,25.86,0.15,
14,11,w,50,butterfly,final,4,3,CHN,LU Ying,,0.71,25.87,0.16,
14,11,w,50,butterfly,final,5,6,SWE,SJOESTROEM Sarah,,0.71,25.87,0.16,
14,11,w,50,butterfly,final,6,2,JPN,KATO Yuka,,0.73,26.02,0.31,
14,11,w,50,butterfly,final,7,8,USA,VOLLMER Dana,,0.75,26.06,0.35,
14,11,w,50,butterfly,final,8,7,AUS,GUEHRER Marieke,,0.68,26.21,0.5,
14,11,w,50,backstroke,final,1,4,RUS,ZUEVA Anastasia,,0.66,27.79,0,
14,11,w,50,backstroke,final,2,1,JPN,TERAKAWA Aya,,0.53,27.93,0.14,
14,11,w,50,backstroke,final,3,7,USA,FRANKLIN Melissa,,0.61,28.01,0.22,
14,11,w,50,backstroke,final,4,6,CHN,GAO Chang,,0.59,28.06,0.27,
14,11,w,50,backstroke,final,5,8,AUS,SEEBOHM Emily,,0.66,28.07,0.28,
14,11,w,50,backstroke,final,6,2,CAN,WILKINSON Julia,,0.65,28.09,0.3,
14,11,w,50,backstroke,final,7,3,BLR,HERASIMENIA Aliaksandra,,0.68,28.09,0.3,
14,11,w,50,backstroke,final,8,5,ESP,PERIS MINGUET Mercedes,,0.64,28.42,0.63,
14,11,w,50,breaststroke,final,1,4,USA,HARDY Jessica,,0.67,30.19,0,
14,11,w,50,breaststroke,final,2,3,RUS,EFIMOVA Yuliya,,0.75,30.49,0.3,
14,11,w,50,breaststroke,final,3,5,USA,SONI Rebecca,,0.76,30.58,0.39,
14,11,w,50,breaststroke,final,4,6,AUS,PICKETT Leiston,,0.74,30.74,0.55,
14,11,w,50,breaststroke,final,5,7,SWE,JOHANSSON Jennie,,0.73,30.89,0.7,
14,11,w,50,breaststroke,final,6,2,AUS,JONES Leisel,,0.71,31.01,0.82,
14,11,w,50,breaststroke,final,7,1,NED,NIJHUIS Moniek,,0.81,31.33,1.14,
14,11,w,50,breaststroke,final,8,8,SWE,EJDERVIK Rebecca,,0.73,31.45,1.26,
